class,correct,total,acc
ship,753,800,0.94125
car,738,800,0.9225
airplane,737,800,0.92125
truck,734,800,0.9175
bird,671,800,0.83875
horse,652,800,0.815
deer,651,800,0.81375
monkey,643,800,0.80375
dog,578,800,0.7225
cat,554,800,0.6925
