class,correct,total,acc
car,738,800,0.9225
ship,728,800,0.91
airplane,700,800,0.875
truck,684,800,0.855
horse,649,800,0.81125
deer,638,800,0.7975
bird,622,800,0.7775
monkey,592,800,0.74
cat,529,800,0.66125
dog,510,800,0.6375
