class,correct,total,accuracy
ship,742,800,0.9275
airplane,725,800,0.90625
car,717,800,0.89625
truck,715,800,0.89375
horse,689,800,0.86125
bird,657,800,0.82125
deer,634,800,0.7925
monkey,624,800,0.78
cat,574,800,0.7175
dog,535,800,0.66875
