class,correct,total,accuracy
ship,772,800,0.965
truck,761,800,0.95125
airplane,753,800,0.94125
car,740,800,0.925
horse,673,800,0.84125
bird,669,800,0.83625
deer,655,800,0.81875
monkey,645,800,0.80625
cat,609,800,0.76125
dog,487,800,0.60875
