class,correct,total,accuracy,accuracy_percent
ship,753,800,0.94125,94.125
car,738,800,0.9225,92.25
airplane,737,800,0.92125,92.125
truck,734,800,0.9175,91.75
bird,671,800,0.83875,83.875
horse,652,800,0.815,81.5
deer,651,800,0.81375,81.375
monkey,644,800,0.805,80.5
dog,578,800,0.7225,72.25
cat,553,800,0.69125,69.125
